{
  "runtimeOptions": {
    "tfm": "net5.0",
    "includedFrameworks": [
      {
        "name": "Microsoft.NETCore.App",
        "version": "5.0.0"
      },
      {
        "name": "Microsoft.WindowsDesktop.App",
        "version": "5.0.0"
      }
    ],
    "rollForwardOnNoCandidateFx": 2,
    "configProperties": {
      "System.Runtime.TieredCompilation": true,
      "System.Runtime.TieredCompilation.QuickJit": true,
      "System.Runtime.TieredCompilation.QuickJitForLoops": true
    }
  }
}